"Hàn-jī","Lô-má-jī","Kúi ê im"
"長","tiúnn, tióng, tsióng, tiông, tn̂g, tshiâng, tsiáng","7"
"籠","láng, lam, lāng, lóng, lâng, lang, lông","7"
"落","lo̍h, lak, lo̍k, la̍uh, làu, loh","6"
"過","kuà, kuè, koh, kè, kò, kòo","6"
"呢","nih, neh, ne, nî, ní, ni","6"
"當","tong, tang, tàng, tòng, tng, tǹg","6"
"相","siùnn, sio, siòng, siunn, siong, sann","6"
"龍","lîng, liông, lâng, gîng, long, lông","6"
"老","ló, nóo, lōo, lāu, láu","5"
"行","hîng, hâng, hīng, kiânn, lîng","5"
"調","tiau, tiāu, tiàu, tiâu, thâu","5"
"象","siōng, tshiūnn, siūnn, siòng, sióng","5"
"上","tsiūnn, siōng, siāng, sióng, tshiūnn","5"
"遮","sen, tsiah, tsia, jia, lia","5"
"向","hiòng, hiàng, ǹg, hiànn, ànn","5"
"生","sing, senn, sinn, tshenn, tshinn","5"
"坪","pênn, pînn, phiânn, phîng, pîng","5"
"子","tsí, tsú, jí, lí, á","5"
"彈","tân, tān, thân, tuânn, tuānn","5"
"肉","bah, hi̍k, jio̍k, lio̍k","4"
"脫","thuat, thut, thuah, thu̍t","4"
"腔","khiunn, tshiunn, khiong, khiang","4"
"腥","tshenn, tshinn, tshènn, tshìnn","4"
"腸","tn̂g, tshiâng, tiông, tshiân","4"
"成","sîng, tsiânn, tshiânn, siânn","4"
"扭","liú, niú, láu, ngiú","4"
"若","nā, jio̍k, lio̍k, ná","4"
"指","tsíng, tsí, tsáinn, kí","4"
"捏","liap, lia̍p, tēnn, tīnn","4"
"掩","iám, am, om, ng","4"
"著","tio̍h, tù, to̍h, tio̍k","4"
"蓋","kuà, kah, kài, kap","4"
"散","sàn, suànn, suánn, sán","4"
"明","bîng, mê, bîn, miâ","4"
"星","tshenn, tshinn, san, sing","4"
"更","king, kìng, kenn, kinn","4"
"會","huē, hē, ē, kuè","4"
"架","kà, kè, khuè, khè","4"
"蟯","giô, ngia̍uh, jiâu, liâu","4"
"說","sueh, seh, suè, suat","4"
"讀","tāu, tōo, tho̍k, tha̍k","4"
"貨","huè, hè, hò, hònn","4"
"泡","pho̍k, phàu, pho, phò","4"
"跡","jiah, liah, tsiah, tsik","4"
"三","sam, sann, sàm, san","4"
"下","ē, e, hā, hē","4"
"乾","kuann, ta, kan, khiân","4"
"車","tshia, ki, ku, tshâ","4"
"任","jīm, līm, jîm, lîm","4"
"較","kàu, khah, kà, kah","4"
"伯","peh, phik, pit, pik","4"
"使","sù, sài, sái, sú","4"
"逐","ta̍k, tio̍k, jiok, lip","4"
"假","ká, ké, kà, kè","4"
"八","pat, peh, pueh, pa","4"
"熱","jua̍h, lua̍h, jia̍t, lia̍t","4"
"重","tîng, tiōng, tāng, tiông","4"
"量","liōng, liông, niū, niû","4"
"凹","nah, neh, āu, lap","4"
"刮","kuat, khe, kueh, kuih","4"
"物","bu̍t, mih, mi̍h, mn̍gh","4"
"劃","ue̍h, ui̍h, uē, i̍k","4"
"可","khó, khoo, khóo, khuá","4"
"合","ha̍p, kah, ha̍h, kap","4"
"和","hô, hām, huê, hō","4"
"哩","lí, li, lih, mai","4"
"關","kuan, kuainn, kuinn, kan","4"
"嘓","kho̍k, kok, go̍k, ko̍k","4"
"嚇","hiannh, hik, heh, hánn","4"
"皮","phuê, phê, phî, pî","4"
"囉","lô, lo, looh, lō","4"
"盲","môo, mê, mî, bông","4"
"地","tè, tē, tuē, tī","4"
"頭","thâu, thô, thiô, thôo","4"
"飛","pue, hui, hue, pe","4"
"奶","ling, ni, nai, ne","4"
"姜","khiunn, kiunn, khiong, kiong","4"
"種","tsíng, tsióng, tsìng, tsiòng","4"
"空","khong, khang, khòng, khàng","4"
"嬰","enn, inn, ing, ìnn","4"
"節","tseh, tsueh, tsat, tsiat","4"
"差","tshe, tshai, tsha, tsua̍h","4"
"平","pîng, piânn, pênn, pînn","4"
"纓","enn, iann, ing, inn","4"
"缺","khueh, kheh, khuat, khih","4"
"齊","tsiâu, tsê, tsuê, tsè","4"
"彌","nî, mí, bî, mî","4"
"後","āu, hōo, hiō, hāu","4"
"美","bí, bi, bé, bué","4"
"思","sù, si, su","3"
"性","sìng, sènn, sìnn","3"
"耳","hīnn, hī, ní","3"
"聽","thiann, thing, thìng","3"
"惱","náu, lóo, ló","3"
"脊","tsiah, tsit, tsik","3"
"腦","náu, nóo, ló","3"
"腳","kha, kioh, kiok","3"
"慼","tshik, tsheh, tshueh","3"
"膏","kô, koo, ko","3"
"應","ìng, ing, ìn","3"
"興","hing, hin, hìng","3"
"舒","tshu, soo, su","3"
"戴","tài, tè, tì","3"
"舵","tuā, tō, tāi","3"
"扁","pún, pián, pínn","3"
"才","tsâi, tsiah, tshâi","3"
"批","phi, phue, phe","3"
"把","pà, pá, pé","3"
"抑","iah, ah, ia̍h","3"
"折","tsik, tsiat, tsi̍h","3"
"芥","kuà, kè, kài","3"
"抱","phō, phāu, pō","3"
"拈","liam, ni, ne","3"
"拉","lá, la, lâ","3"
"拔","pua̍h, pue̍h, pua̍t","3"
"苧","thú, tē, tuē","3"
"挑","thiáu, thiau, thio","3"
"挖","uat, óo, ué","3"
"挨","ai, e, ue","3"
"荖","láu, ló, lāu","3"
"荷","hô, huê, hâ","3"
"掌","tsiúnn, tsióng, tsiáng","3"
"推","thui, tshui, the","3"
"莫","bo̍k, bo̍h, mài","3"
"菁","tshinn, tshenn, tsing","3"
"菠","pue, pe, po","3"
"握","ak, ok, ap","3"
"華","huâ, hua, huà","3"
"搭","tah, tā, tap","3"
"摸","bong, moo, boo","3"
"撫","bú, hú, hu","3"
"操","tshò, tshau, tsho","3"
"擔","tànn, tann, tam","3"
"蓬","hông, pōng, phōng","3"
"蓮","lián, liân, lian","3"
"攔","ânn, lân, nuâ","3"
"教","kàu, kà, kah","3"
"斜","tshua̍h, siâ, tshiâ","3"
"斷","tuān, tn̄g, tuàn","3"
"方","hong, hng, png","3"
"藉","tsiah, tsik, tsioh","3"
"旋","suân, tsn̄g, suan","3"
"藏","tshàng, tsōng, tsông","3"
"旱","uānn, huānn, hān","3"
"昏","hun, hng, hūn","3"
"易","i̍k, ia̍h, ī","3"
"蘭","lân, liân, lán","3"
"虐","gio̍h, gio̍k, gi̍k","3"
"暴","pō, pok, po̍k","3"
"曲","khiau, khiok, khik","3"
"曾","tsîng, tsing, tsan","3"
"月","gue̍h, ge̍h, gua̍t","3"
"蜈","giâ, ngôo, gôo","3"
"未","buē, bē, bī","3"
"杆","kan, kuann, kuainn","3"
"蝕","sit, si̍h, si̍k","3"
"松","siông, sóng, tshîng","3"
"林","nâ, lîm, ná","3"
"果","kué, ké, kó","3"
"枷","kê, ka, kha","3"
"柄","pènn, pìnn, pìng","3"
"染","ní, jiám, liám","3"
"蠕","jû, lû, lùn","3"
"栱","kóng, kông, kong","3"
"蠶","tshâm, thâm, tshân","3"
"核","hi̍k, ha̍t, hu̍t","3"
"格","keh, kik, ga","3"
"血","hueh, huih, hiat","3"
"桑","sng, sáng, song","3"
"衝","tshóng, tshiong, tshìng","3"
"梅","muî, muê, m̂","3"
"被","phuē, phē, pī","3"
"裂","liah, li̍h, lia̍t","3"
"棚","pênn, pînn, pîng","3"
"裡","lí, li2, nih","3"
"楊","iûnn, iông, tshiûnn","3"
"西","sai, se, si","3"
"覓","māi, bi̍k, bā","3"
"親","tshin, tshenn, tshinn","3"
"觸","tak, tshiok, tshik","3"
"樂","lo̍k, ngāu, ga̍k","3"
"標","phiau, piau, pio","3"
"許","khóo, hí, hú","3"
"橄","kám, kan, kann","3"
"橐","lok, lak, lop","3"
"橫","huâinn, huînn, hîng","3"
"誓","tsuā, sē, sè","3"
"諍","tsìng, tsènn, tsìnn","3"
"欲","beh, bueh, io̍k","3"
"正","tsiànn, tsìng, tsiann","3"
"歲","huè, hè, suè","3"
"歹","pháinn, tái, phái","3"
"讓","jiōng, liōng, niū","3"
"殘","tsuânn, tsân, tshân","3"
"殷","ûn, in, un","3"
"母","bó, bió, bú","3"
"毒","to̍k, ta̍k, thāu","3"
"毛","môo, mn̂g, moo","3"
"貓","bâ, niau, bâu","3"
"沙","sua, se, sa","3"
"貯","té, tué, thú","3"
"買","bé, bué, mái","3"
"泉","tsuânn, tsuân, tsuân","3"
"賊","tsha̍t, tsa̍t, tsi̍k","3"
"泏","tsuh, tsuah, tsuat","3"
"賣","bē, buē, māi","3"
"賴","nāi, luā, lē","3"
"丈","tiūnn, tiōng, tn̄g","3"
"渝","û, jû, lû","3"
"踢","thik, that, thah","3"
"中","tiong, tiòng, tìng","3"
"井","tsínn, tsénn, tsíng","3"
"交","kau, ka, kiau","3"
"人","lâng, jîn, lîn","3"
"今","kim, kin, tann","3"
"滓","lái, tái, tsáinn","3"
"仔","á, ah, tsú","3"
"代","tāi, tē, tài","3"
"漁","hî, hû, gû","3"
"漂","phiò, phiau, phiàu","3"
"漚","àu, au, áu","3"
"輪","lûn, lin, lián","3"
"轉","tńg, tsuán, tsuān","3"
"轎","kiau, kiō, kiāu","3"
"佗","toh, tó, tá","3"
"潘","phuan, phuann, phun","3"
"潮","tiô, tiâu, tiau","3"
"供","kiong, king, kìng","3"
"侯","kâu, hôo, hâu","3"
"濁","lô, ta̍k, to̍k","3"
"迎","gîng, giâ, ngiâ","3"
"俞","jû, lû, jî","3"
"濟","tsè, tsē, tsuē","3"
"倒","tò, tó, tho̍h","3"
"連","liân, liâm, nî","3"
"逸","i̍t, iat, i̍k","3"
"瀾","nuā, lân, liân","3"
"運","ūn, īn, ùn","3"
"遐","hiah, hia, hiâ","3"
"火","hué, hé, hónn","3"
"還","huân, huān, hîng","3"
"傳","thuân, thn̂g, tuān","3"
"炸","tsà, tsia̍h, tsuànn","3"
"郎","lang, nn̂g, lông","3"
"烘","hong, hang, hōng","3"
"焦","ta, tsiau, na","3"
"鄭","tēnn, tīng, tīnn","3"
"先","sing, sin, sian","3"
"煞","suah, sat, sannh","3"
"兩","nn̄g, lióng, niú","3"
"公","kong, kang, king","3"
"共","kiōng, kāng, kā","3"
"醒","tshénn, tshínn, síng","3"
"醫","i, pēnn, pīnn","3"
"燃","jiân, liân, hiânn","3"
"燕","iàn, ìnn, ian","3"
"分","hun, hūn, pun","3"
"鈍","tūn, tùn, tun","3"
"初","tshoo, tshe, tshue","3"
"爪","jiáu, niáu, liáu","3"
"爭","tsing, tsenn, tsinn","3"
"到","kàu, tàu, tò","3"
"爸","pē, pah, pâ","3"
"前","tsîng, tsiân, tsûn","3"
"剩","sīng, siōng, sīn","3"
"牲","senn, sinn, sing","3"
"力","la̍t, li̍k, lí","3"
"狀","tsōng, tsiōng, tsn̄g","3"
"勁","kīng, kìng, ngē","3"
"勞","lô, lóo, lō","3"
"狹","hia̍p, e̍h, ue̍h","3"
"錄","lio̍k, li̍k, lo̍k","3"
"錢","tsînn, tsiân, tshiân","3"
"錦","gím, kím, gìm","3"
"猶","iáu, iu, iû","3"
"半","puànn, puàn, pùann","3"
"鍋","ko, ue, e","3"
"卷","kuàn, kńg, kǹg","3"
"玲","lin, lîng, lîn","3"
"參","sim, tsham, som","3"
"反","huán, píng, húan","3"
"口","kháu, khió, káu","3"
"司","si, sai, su","3"
"后","hiō, āu, hōo","3"
"含","hâm, kâm, kânn","3"
"吹","tshue, tshe, tshui","3"
"瑜","jû, lû, û","3"
"鑢","lē, luē, lù","3"
"呼","hoo, khoo, honn","3"
"咯","lo̍k, ko̍k, kha̍k","3"
"哈","hah, há, ha","3"
"員","uân, guân, înn","3"
"瓤","jiông, liông, nn̂g","3"
"田","tshân, tiân, tiān","3"
"唱","tshiùnn, tshiòng, tshiàng","3"
"界","kè, kuè, kài","3"
"喂","ueh, eh, uê","3"
"疊","tha̍h, thia̍p, thiap","3"
"疏","soo, se, sòo","3"
"間","kan, king, kàn","3"
"喪","song, sòng, sng","3"
"病","pēnn, pīnn, pīng","3"
"嘛","mā, mah, mà","3"
"阿","a, oo, o","3"
"陀","tôo, lô, tô","3"
"噗","pho̍k, pok, phok","3"
"陸","lio̍k, la̍k, lo̍k","3"
"發","huat, puh, hua̍t","3"
"陽","iông, iûnn, iâng","3"
"百","pah, pik, peh","3"
"的","ê, ti̍k, tik","3"
"障","tsiàng, tsiong, tsiòng","3"
"離","lī, li, lî","3"
"監","kàm, kann, kam","3"
"盤","puânn, puân, phuân","3"
"雪","seh, suat, sap","3"
"圇","lûn, n̂g, lun","3"
"坐","tsō, tshē, tsē","3"
"坑","khing, khenn, khinn","3"
"青","tshenn, tshinn, tshing","3"
"靜","tsīng, tsīnn, tsēnn","3"
"垂","suî, suê, sê","3"
"鞋","hâi, ê, uê","3"
"瞌","ka, kheh, khueh","3"
"鞭","pian, pinn, mi","3"
"瞭","liáu, liâu, lió","3"
"石","tsio̍h, si̍k, sia̍h","3"
"額","hia̍h, gia̍h, gi̍k","3"
"硬","ngē, ngī, gīng","3"
"壟","lóng, lâng, lang","3"
"磨","môo, buâ, bō","3"
"大","tuā, tāi, ta","3"
"太","thài, thāi, tāi","3"
"央","iang, iong, ng","3"
"祀","sū, sāi, tshāi","3"
"香","hiong, hiunn, hiang","3"
"馬","má, bé, ma","3"
"私","si, sai, su","3"
"姓","sènn, sìnn, sìng","3"
"秧","iong, iang, ng","3"
"程","tîng, thîng, thiânn","3"
"娘","niû, liông, niâ","3"
"娛","ngôo, gû, gôo","3"
"驚","kiann, kenn, king","3"
"穿","tshuan, tshīng, tshng","3"
"媒","muê, hm̂, muî","3"
"窮","khîng, kiông, kîng","3"
"窸","si, sī, si̍h","3"
"媽","má, mah, ma","3"
"髓","tshué, tshé, tshuí","3"
"體","thé, thái, thué","3"
"笑","tshiò, siàu, tshiàu","3"
"笠","le̍h, li̍p, lue̍h","3"
"魚","hî, hû, gû","3"
"筧","kián, kíng, khiò","3"
"箠","tshuê, tshê, suî","3"
"管","kńg, kuán, kóng","3"
"鮮","tshinn, sian, sián","3"
"宿","siok, sok, siù","3"
"富","hù, hô, pù","3"
"寒","hân, kuânn, gân","3"
"篤","táu, tauh, tok","3"
"篷","pông, hông, phâng","3"
"將","tsiong, tsiòng, tsiàng","3"
"少","tsió, siàu, siáu","3"
"尚","siūnn, siōng, sióng","3"
"尺","tshik, tshioh, tshe","3"
"簾","lî, liâm, nî","3"
"屏","pîn, hè, pîng","3"
"屯","tun, tūn, tùn","3"
"岡","kong, kng, kóng","3"
"精","tsiann, tsing, tsinn","3"
"糜","mi, muê, bê","3"
"紀","kí, kì, khí","3"
"鴟","lāi, tshi, bā","3"
"紮","tsah, tsap, tsat","3"
"鵝","gô, giâ, ngôo","3"
"絡","lo̍k, lo̍h, le","3"
"經","king, kenn, kinn","3"
"綴","tuè, tè, tuat","3"
"工","kang, khang, kong","3"
"巧","khá, khiáu, kháu","3"
"縫","phāng, hông, pâng","3"
"縱","tshiong, tshióng, tshiòng","3"
"床","tshn̂g, tshông, sn̂g","3"
"底","té, tué, tī","3"
"庚","kenn, kinn, king","3"
"麻","muâ, mâ, bâ","3"
"弄","lōng, lòng, lāng","3"
"張","tiunn, tng, tiong","3"
"強","kiông, kióng, kiōng","3"
"彭","phîng, phênn, phînn","3"
"罵","mē, mā, mâ","3"
"彼","he, hit, pí","3"
"從","tsiông, tshiong, tsîng","3"
"微","bî, bui, bi","3"
"羹","kenn, kinn, king","3"
"忍","jím, lím, lún","3"
"而","jî, lî","2"
"耙","pê, pē","2"
"耞","kénn, kínn","2"
"怪","kuài, kuè","2"
"恍","huánn, hóng","2"
"聖","sìng, siànn","2"
"恢","khue, hue","2"
"恨","hīn, hūn","2"
"恩","un, in","2"
"息","sit, sik","2"
"聲","siann, sing","2"
"聳","tshàng, sáng","2"
"聾","lâng, lông","2"
"悅","ia̍t, ua̍t","2"
"悔","hué, huí","2"
"肚","tóo, tōo","2"
"肝","kuann, kan","2"
"肥","huî, puî","2"
"肩","king, kian","2"
"育","io̍k, io","2"
"情","tsîng, tsiânn","2"
"背","puē, puè","2"
"胎","thai, the","2"
"胚","phue, phe","2"
"惜","sioh, sik","2"
"惟","î, uî","2"
"惡","ònn, ok","2"
"胡","ôo, hôo","2"
"惰","tuānn, tō","2"
"想","sióng, siūnn","2"
"胸","hing, hiong","2"
"惹","jiá, liá","2"
"胿","kui, kuai","2"
"脆","tshè, tshuì","2"
"脈","me̍h, bi̍k","2"
"愈","jú, lú","2"
"愉","jû, lû","2"
"脹","tiùnn, tiòng","2"
"脾","pî, phî","2"
"慄","lik, la̍k","2"
"態","thāi, thài","2"
"腎","sīn, siān","2"
"腐","hū, hú","2"
"腕","uánn, uán","2"
"慧","huē, huī","2"
"慮","lī, lū","2"
"腰","io, iau","2"
"腱","kiān, kiàn","2"
"腹","pak, hok","2"
"膎","kê, kuê","2"
"憐","liân, lîn","2"
"憑","pîng, pîn","2"
"膝","tshik, sit","2"
"膩","jī, lī","2"
"膽","tánn, tám","2"
"膿","lâng, lông","2"
"懂","tóng, táng","2"
"臆","ioh, ik","2"
"臉","liám, lián","2"
"臊","tsho, tshau","2"
"臍","tsâi, tsê","2"
"臘","la̍h, lia̍p","2"
"臟","tsōng, tsn̄g","2"
"臨","lîm, lím","2"
"懵","bòng, bóng","2"
"懶","lán, nuā","2"
"懸","kuân, hiân","2"
"戀","luân, luān","2"
"舅","kū, kiū","2"
"與","ú, í","2"
"戈","gòo, ko","2"
"舉","kí, kú","2"
"舊","kū, kiū","2"
"舌","tsi̍h, sia̍t","2"
"我","ngóo, guá","2"
"般","puann, pan","2"
"戮","lio̍k, lak","2"
"房","pâng, pông","2"
"扇","sìnn, siàn","2"
"手","tshiú, siú","2"
"扒","pê, pe","2"
"打","tánn, tá","2"
"托","thuh, thok","2"
"艙","tshng, tshong","2"
"扛","kong, kng","2"
"扣","khàu, khau","2"
"艦","kàm, lām","2"
"扳","pán, pian","2"
"扶","hû, phôo","2"
"艾","ngāi, hiānn","2"
"承","sîng, sîn","2"
"芋","ū, ōo","2"
"芒","bâng, bông","2"
"抓","jiàu, liàu","2"
"芙","phû, hû","2"
"芟","san, sing","2"
"芡","khiàm, khiàn","2"
"花","hue, hua","2"
"芳","hong, phang","2"
"抵","tí, té","2"
"芹","khîn, khûn","2"
"押","ah, ap","2"
"芽","gê, gâ","2"
"拄","tú, tuh","2"
"拋","pha, phau","2"
"拍","phah, phik","2"
"拐","kuái, kuāinn","2"
"拒","kū, kī","2"
"苒","jiâm, liâm","2"
"苔","thî, thai","2"
"招","tsiau, tsio","2"
"苛","kho, khô","2"
"苞","pau, pôo","2"
"苦","khóo, ku","2"
"括","kuat, kuah","2"
"拳","kûn, kuân","2"
"持","tî, tshî","2"
"茂","bōo, ōm","2"
"茄","ka, kiô","2"
"茅","mâu, hm̂","2"
"按","án, àn","2"
"茉","bua̍h, ba̍k","2"
"挐","jû, lû","2"
"茫","bâng, bông","2"
"茭","kha, ka","2"
"振","tín, tsín","2"
"茶","tê, te","2"
"茸","jiông, liông","2"
"挺","thíng, thánn","2"
"挼","juê, lê","2"
"挾","gia̍p, nge̍h","2"
"草","tsháu, tshó","2"
"捋","lua̍h, luah","2"
"荒","hng, hong","2"
"捷","tsia̍t, tsia̍p","2"
"捻","liām, liàm","2"
"掃","sàu, sò","2"
"掇","tua̍h, tuah","2"
"莊","tsng, tsong","2"
"莎","so, sa","2"
"莓","m̂, muî","2"
"莖","huâinn, king","2"
"掛","kuà, khuà","2"
"掠","lia̍h, lio̍k","2"
"探","thàm, thàn","2"
"掣","tshuah, tshiat","2"
"接","tsiap, tsih","2"
"控","khòng, khàng","2"
"揀","kíng, kán","2"
"揉","jiû, liû","2"
"菊","kiok, kak","2"
"描","biô, biâu","2"
"提","thê, the̍h","2"
"插","tshap, tshah","2"
"菝","pua̍t, pa̍t","2"
"揣","tshuē, tshē","2"
"揭","khiat, kiat","2"
"菲","huí, hui","2"
"損","sńg, sún","2"
"萎","ui, uí","2"
"搖","iâu, iô","2"
"搙","jio̍k, lio̍k","2"
"搜","soo, tshiau","2"
"搣","me, mi","2"
"搧","sàm, siàn","2"
"搬","puan, puann","2"
"萵","ue, e","2"
"搶","tshiúnn, tshióng","2"
"葉","hio̍h, ia̍p","2"
"摔","siak, siàng","2"
"摖","tshè, tshuè","2"
"摘","tiah, tik","2"
"葛","kuah, kat","2"
"董","tóng, táng","2"
"葫","hôo, ôo","2"
"葵","khuê, kuî","2"
"摹","bôo, bōo","2"
"摻","tshàm, tsham","2"
"撏","jîm, lîm","2"
"撒","sat, suah","2"
"撥","puat, puah","2"
"撨","tshiâu, tshâu","2"
"撩","liô, liâu","2"
"撮","tsuat, tshok","2"
"蓄","thiok, hak","2"
"擇","ti̍k, to̍h","2"
"擎","king, khîng","2"
"據","kì, kù","2"
"擾","jiáu, liáu","2"
"攏","lóng, láng","2"
"蔓","bān, muā","2"
"攕","tshiam, tshiám","2"
"攤","than, thuann","2"
"蔬","se, soo","2"
"蔭","ìm, ńg","2"
"支","tsi, ki","2"
"放","pàng, hòng","2"
"蕃","huan, han","2"
"蕉","tsio, tsiau","2"
"敝","pē, pè","2"
"敢","kánn, kám","2"
"蕩","tn̄g, tōng","2"
"蕭","siau, sio","2"
"敲","khà, khau","2"
"數","sòo, siàu","2"
"蕾","luí, lê","2"
"薄","po̍h, po̍k","2"
"斐","huí, hui","2"
"斗","táu, tóo","2"
"斟","tsim, thîn","2"
"斤","kin, kun","2"
"薦","tsì, tsiàn","2"
"斧","póo, hú","2"
"斬","tsánn, tsám","2"
"薯","tsî, tsû","2"
"斯","su, suh","2"
"施","si, sì","2"
"旅","lú, lí","2"
"藍","nâ, lâm","2"
"藤","tîn, tîng","2"
"日","ji̍t, li̍t","2"
"藥","io̍h, io̍k","2"
"旦","tàn, tuànn","2"
"早","tsá, tsái","2"
"藩","huan, phuan","2"
"映","iòng, ìng","2"
"昨","tso̍h, tsa","2"
"虎","hóo, hu","2"
"晏","àn, uànn","2"
"處","tshù, tshú","2"
"晚","buán, mńg","2"
"虛","hi, hu","2"
"晝","tàu, tiù","2"
"號","hō, lō","2"
"晟","tshiânn, sīng","2"
"普","phóo, puh","2"
"晴","tsîng, tsênn","2"
"晶","tsinn, tsing","2"
"暈","n̄g, ūn","2"
"蚊","báng, bûn","2"
"暝","mê, mî","2"
"暱","li̍t, li̍k","2"
"蛀","tsù, tsiù","2"
"曆","li̍k, la̍h","2"
"蛆","tshi, tshu","2"
"蛇","tsuâ, siâ","2"
"蛋","tuann, tàn","2"
"曝","pha̍k, pho̍k","2"
"書","su, tsu","2"
"替","thè, thuè","2"
"蜂","phang, hong","2"
"有","iú, ū","2"
"朗","lóng, láng","2"
"望","bōng, bāng","2"
"朝","tiâu, tiau","2"
"期","kî, ki","2"
"木","ba̍k, bo̍k","2"
"末","bua̍h, bua̍t","2"
"本","pún, pńg","2"
"村","tshun, tshuan","2"
"杖","thn̄g, tiōng","2"
"東","tang, tong","2"
"蝴","ôo, hôo","2"
"蝶","tia̍p, ia̍h","2"
"板","pán, pang","2"
"融","iông, hiông","2"
"枝","tsi, ki","2"
"螢","îng, hîng","2"
"枴","kuáinn, kuái","2"
"螺","lê, lôo","2"
"蟋","sih, sik","2"
"柏","peh, pik","2"
"蟒","bóng, báng","2"
"柔","jiû, liû","2"
"查","tsa, tshâ","2"
"柯","kho, kua","2"
"柱","thiāu, tsū","2"
"蟲","thâng, thiông","2"
"柵","sa, tshik","2"
"蟹","hē, hāi","2"
"蟻","gí, hiā","2"
"栓","tshng, sng","2"
"栗","li̍k, la̍t","2"
"蠟","la̍p, la̍h","2"
"校","hāu, kàu","2"
"株","tu, tsu","2"
"根","kin, kun","2"
"栿","ho̍k, pha̍k","2"
"桃","thô, tô","2"
"框","khing, khong","2"
"案","àn, uànn","2"
"桐","tông, tâng","2"
"街","ke, kue","2"
"衛","uē, ué","2"
"衣","i, ui","2"
"表","piáu, pió","2"
"桮","pue, pe","2"
"桱","kènn, kìnn","2"
"袂","bē, buē","2"
"袋","tē, tāi","2"
"梗","kíng, kénn","2"
"條","tiâu, liâu","2"
"梧","ngôo, gôo","2"
"梨","lâi, lê","2"
"梯","thui, the","2"
"梳","se, sue","2"
"棉","mî, biân","2"
"裔","ì, è","2"
"裕","jū, lū","2"
"裝","tsong, tsng","2"
"棟","tòng, tàng","2"
"棰","tshuê, tshê","2"
"棺","kuan, kuann","2"
"裾","ki, ku","2"
"植","si̍t, ti̍t","2"
"椒","tsio, tsiau","2"
"褙","pè, puè","2"
"褥","jio̍k, lio̍k","2"
"楓","hong, png","2"
"楚","tshó, tshóo","2"
"楝","līng, liān","2"
"襪","bua̍t, bue̍h","2"
"楹","ênn, îng","2"
"要","iàu, iau","2"
"概","kài, khài","2"
"覆","phak, hok","2"
"榆","jiû, liû","2"
"見","kìnn, kiàn","2"
"榔","nn̂g, lông","2"
"榕","tshîng, iông","2"
"榜","pńg, póng","2"
"榻","thah, thap","2"
"觀","kuan, kuàn","2"
"槓","kǹg, không","2"
"解","kái, ké","2"
"計","kè, kì","2"
"樑","liông, niû","2"
"樟","tsiong, tsiunn","2"
"樣","iōng, iūnn","2"
"樸","phok, phoh","2"
"樹","tshiū, sū","2"
"樺","huā, huâ","2"
"詈","lé, lué","2"
"橋","kiô, kiâu","2"
"機","ki, kui","2"
"詭","kuí, khuí","2"
"詼","khue, khe","2"
"檀","tân, tuânn","2"
"認","jīn, līn","2"
"誕","tàn, tān","2"
"語","gí, gú","2"
"誠","sîng, tsiânn","2"
"誰","suî, tsuî","2"
"課","khuè, khò","2"
"誼","gî, gī","2"
"請","tshiánn, tshíng","2"
"諭","jū, lū","2"
"櫳","lông, lang","2"
"諾","lo̍k, hioh","2"
"謀","bôo, biô","2"
"欄","lân, nuâ","2"
"權","khuân, kuân","2"
"謊","hóng, hong","2"
"謔","giok, gio̍h","2"
"欖","ná, lám","2"
"講","kóng, káng","2"
"謝","siā, tsiā","2"
"款","khuán, khuánn","2"
"歉","khiàm, khiam","2"
"歌","kua, ko","2"
"歐","au, io","2"
"譚","tâm, thâm","2"
"歡","huan, huann","2"
"歪","uai, uainn","2"
"譴","khián, khiàn","2"
"死","sí, sú","2"
"變","piàn, pìnn","2"
"殖","si̍t, si̍k","2"
"讚","tsàn, tsán","2"
"段","tuānn, tuān","2"
"殼","khak, khok","2"
"毅","gī, gē","2"
"毫","hôo, hô","2"
"氣","khì, khuì","2"
"水","tsuí, suí","2"
"豐","hong, phong","2"
"汗","hān, kuānn","2"
"汙","u, ù","2"
"江","kang, káng","2"
"豬","ti, tu","2"
"汰","thài, thuā","2"
"沉","tîm, tiâm","2"
"沐","bo̍k, bak","2"
"沓","ta̍p, ta̍uh","2"
"沖","tshiong, tshiâng","2"
"販","huàn, phuànn","2"
"貫","kuàn, kǹg","2"
"沫","phue̍h, phe̍h","2"
"貳","jī, lī","2"
"貼","thiap, tah","2"
"貿","bāu, bōo","2"
"泄","siat, tshuā","2"
"賈","kóo, ká","2"
"泊","phik, po̍k","2"
"泛","huān, huàn","2"
"賞","siúnn, sióng","2"
"賠","puê, pê","2"
"注","tsù, tù","2"
"泱","iong, iann","2"
"購","káng, kòo","2"
"賽","sài, sè","2"
"贊","tsàn, tsān","2"
"洋","iông, iûnn","2"
"贏","iânn, îng","2"
"贓","tsng, tsong","2"
"洗","sé, sué","2"
"洛","lo̍k, lok","2"
"津","tsin, tin","2"
"洪","âng, hông","2"
"活","ua̍h, hua̍t","2"
"流","liû, lâu","2"
"浡","phu̍h, phū","2"
"赤","tshik, tshiah","2"
"浪","lōng, lâng","2"
"浮","phû, hû","2"
"走","tsáu, tsóo","2"
"浴","io̍k, i̍k","2"
"起","khí, ki","2"
"涂","thôo, tôo","2"
"超","tshiau, thiau","2"
"趕","kuánn, á","2"
"涗","suè, sè","2"
"液","sio̍h, i̍k","2"
"涵","âm, hâm","2"
"涼","liâng, niû","2"
"跂","kué, ké","2"
"淋","lâm, lîm","2"
"跋","pua̍h, pua̍t","2"
"跑","pháu, phâu","2"
"距","kī, kū","2"
"跟","kin, kun","2"
"淡","tām, tānn","2"
"淺","tshián, khín","2"
"添","thiam, thinn","2"
"一","tsi̍t, it","2"
"七","tshit, tshi","2"
"清","tshing, tshinn","2"
"不","put, puh","2"
"踏","ta̍h, ta̍p","2"
"世","sì, sè","2"
"丘","khiu, khu","2"
"丙","piánn, píng","2"
"渡","tōo, tāu","2"
"並","pīng, phīng","2"
"串","tshuàn, tshǹg","2"
"渴","khuah, khat","2"
"蹄","tê, tuê","2"
"久","kú, kiú","2"
"乏","ha̍t, hua̍t","2"
"乘","sîng, sīng","2"
"九","káu, kiú","2"
"湧","íng, ióng","2"
"蹬","tenn, tinn","2"
"湯","thng, thong","2"
"乳","jú, lú","2"
"𤲍","kheh, khueh","2"
"亂","luān, lān","2"
"事","sū, tāi","2"
"二","jī, lī","2"
"五","gōo, ngóo","2"
"溝","kau, koo","2"
"躡","neh, nih","2"
"溪","khe, khue","2"
"享","hiáng, hióng","2"
"身","sin, sian","2"
"京","kiann, king","2"
"亮","liōng, liāng","2"
"溶","iông, iûnn","2"
"軀","su, khu","2"
"仁","jîn, lîn","2"
"軁","nǹg, nng","2"
"滇","tīnn, tian","2"
"仇","kiû, siû","2"
"軒","ian, hian","2"
"他","thann, ta","2"
"仙","sian, sián","2"
"軟","nńg, luán","2"
"令","līng, lîng","2"
"滯","tù, tī","2"
"仰","ióng, gióng","2"
"滴","tih, tik","2"
"滿","buán, muá","2"
"載","tsáinn, tsài","2"
"漉","lo̍k, lok","2"
"漏","lāu, lōo","2"
"伐","hua̍t, hua̍h","2"
"輔","hú, phóo","2"
"輕","khing, khin","2"
"伙","hué, hé","2"
"輛","lióng, liōng","2"
"輯","tsi̍p, tship","2"
"漲","tiùnn, tiòng","2"
"伴","phuānn, phuān","2"
"伸","tshun, sin","2"
"似","sāi, sū","2"
"輾","liàn, tián","2"
"漿","tsiong, tsiunn","2"
"轆","lak, lo̍k","2"
"但","nā, tān","2"
"潑","phuat, phuah","2"
"何","uâ, hô","2"
"佛","hu̍t, pu̍t","2"
"作","tsok, tsoh","2"
"潤","jūn, lūn","2"
"佩","puē, phuè","2"
"佬","ló, láu","2"
"佮","kap, kah","2"
"佯","tènn, tìnn","2"
"佳","ka, kha","2"
"來","lâi, lai","2"
"侍","sū, sāi","2"
"澎","phênn, phînn","2"
"辟","phiah, phik","2"
"辭","sî, sû","2"
"辱","jio̍k, lio̍k","2"
"澳","ò, ù","2"
"便","piān, pân","2"
"濃","lông, long","2"
"促","tshiok, tshik","2"
"俄","ngôo, gô","2"
"俏","tshiàu, tshio","2"
"近","kīn, kūn","2"
"返","huán, tńg","2"
"俗","sio̍k, sio̍h","2"
"濤","tô, tôo","2"
"俳","pâi, pai","2"
"送","sàng, sòng","2"
"倉","tshong, tshng","2"
"透","thàu, thò","2"
"倖","sīng, hīng","2"
"這","tsit, tse","2"
"通","thang, thong","2"
"倚","í, uá","2"
"借","tsià, tsioh","2"
"倡","tshiòng, tshiong","2"
"值","ta̍t, ti̍t","2"
"𨑨","tshit, thit","2"
"𨂿","uainnh, uáinn","2"
"遍","piàn, phiàn","2"
"偏","phian, phinn","2"
"達","ta̍t, ta","2"
"灘","than, thuann","2"
"做","tsò, tsuè","2"
"偝","āinn, iāng","2"
"遠","uán, hn̄g","2"
"灣","uan, uân","2"
"健","kiān, kiānn","2"
"遨","ngôo, gô","2"
"灶","tsò, tsàu","2"
"遺","uî, i","2"
"災","tsai, tse","2"
"避","phiah, pī","2"
"邀","iau, io","2"
"傀","ka, khuí","2"
"傅","pòo, hū","2"
"邊","pinn, pian","2"
"炊","tshue, tshe","2"
"傍","pn̄g, pōng","2"
"傘","suànn, sàn","2"
"傷","siong, siunn","2"
"為","uî, uī","2"
"烏","oo, u","2"
"像","siōng, tshiūnn","2"
"烙","lo̍k, lō","2"
"僧","tsing, sing","2"
"部","pōo, phō","2"
"郭","kueh, kok","2"
"價","kè, kà","2"
"都","to, too","2"
"鄉","hiong, hiunn","2"
"儒","jû, lû","2"
"儘","tsín, tsīn","2"
"償","sióng, siông","2"
"無","bô, bû","2"
"然","jiân, liân","2"
"允","ín, ún","2"
"兄","hiann, hing","2"
"光","kong, kng","2"
"兌","tuī, tuē","2"
"配","phuè, phè","2"
"煎","tsian, tsuann","2"
"兒","jî, lî","2"
"入","ji̍p, li̍p","2"
"內","lāi, luē","2"
"照","tsiàu, tsiò","2"
"全","tsuân, tsn̂g","2"
"煬","iāng, iông","2"
"六","la̍k, lio̍k","2"
"𥍉","nih, liap","2"
"具","kū, khū","2"
"酸","sng, suan","2"
"熔","iûnn, iông","2"
"冗","līng, liōng","2"
"熟","si̍k, sio̍k","2"
"熥","thang, thn̄g","2"
"冬","tang, tong","2"
"醮","tsiàu, tsiò","2"
"釀","jiōng, liōng","2"
"凊","tshìng, tshìn","2"
"凍","tòng, tàng","2"
"釘","ting, tìng","2"
"營","îng, iânn","2"
"凡","huân, huān","2"
"釣","tiò, tiàu","2"
"燭","tsik, tsiok","2"
"凱","ke, khái","2"
"釵","the, tshai","2"
"刁","tiau, thiau","2"
"切","tshè, tshiat","2"
"爛","nuā, lān","2"
"別","pia̍t, pa̍t","2"
"利","lī, lāi","2"
"爵","tsik, tsiok","2"
"券","kuàn, kǹg","2"
"鈸","pua̍t, pua̍h","2"
"刺","tshì, tshiah","2"
"爽","sóng, sńg","2"
"爾","nī, niā","2"
"片","phìnn, phiàn","2"
"削","siat, siah","2"
"剔","thik, thak","2"
"鉗","khînn, khiâm","2"
"牙","gê, gâ","2"
"牚","thènn, thìnn","2"
"牛","gû, giû","2"
"剝","pak, pok","2"
"牢","tiâu, lô","2"
"割","kuah, kat","2"
"創","tshong, tshòng","2"
"剺","le̍h, lì","2"
"鉼","phiánn, pín","2"
"牽","khan, khian","2"
"銀","gîn, gûn","2"
"犀","sai, se","2"
"劇","ki̍k, kio̍k","2"
"劑","tse, tsè","2"
"功","kong, kang","2"
"加","ke, ka","2"
"銳","juē, luē","2"
"鋁","lū, lú","2"
"勒","li̍k, lik","2"
"動","tōng, tāng","2"
"狗","káu, kóo","2"
"勘","khàm, kham","2"
"勝","sìng, sing","2"
"勢","sè, sì","2"
"勤","khîn, khûn","2"
"鋤","tî, tû","2"
"鋩","mê, mî","2"
"勸","khuàn, khǹg","2"
"鋸","kì, kù","2"
"鋼","kong, kǹg","2"
"包","pau, pâu","2"
"猊","jî, lî","2"
"化","huà, hua","2"
"北","pak, pok","2"
"猛","bíng, mé","2"
"錠","tiānn, tīng","2"
"錨","bâ, biâu","2"
"錫","siah, sik","2"
"錯","tshò, tshok","2"
"區","khu, oo","2"
"十","tsa̍p, si̍p","2"
"千","tshian, tshing","2"
"獄","ga̍k, gi̍k","2"
"升","sing, tsin","2"
"午","gōo, ngóo","2"
"獎","tsióng, tsiáng","2"
"卓","tok, toh","2"
"協","hia̍p, ha̍h","2"
"卜","poh, pok","2"
"占","tsiàm, tsiam","2"
"卡","kha̍h, khah","2"
"鍥","keh, kueh","2"
"獨","ta̍k, to̍k","2"
"卯","mauh, báu","2"
"危","uî, guî","2"
"卵","nn̄g, luán","2"
"獵","lia̍p, la̍h","2"
"鍾","tsing, tsiong","2"
"率","lu̍t, sut","2"
"玉","gio̍k, gi̍k","2"
"厚","hōo, kāu","2"
"原","guân, uân","2"
"玩","uán, guán","2"
"厭","ià, iàn","2"
"厲","lē, lī","2"
"珍","tin, tsin","2"
"叔","tsik, siok","2"
"叡","juē, luē","2"
"叢","tsông, tsâng","2"
"叩","khàu, khiò","2"
"叮","tìng, ting","2"
"史","sú, sái","2"
"現","hiān, hiàn","2"
"球","kiû, khiû","2"
"鐃","lâu, nâ","2"
"各","kok, koh","2"
"吉","kiat, jì","2"
"同","tông, tâng","2"
"名","miâ, bîng","2"
"吐","thòo, thóo","2"
"吠","huī, puī","2"
"否","phí, hónn","2"
"吩","hun, huan","2"
"吭","khōng, khngh","2"
"鐵","thih, thiat","2"
"吵","tsháu, tshá","2"
"琶","pê, pâ","2"
"呂","lū, lī","2"
"瑟","sik, sit","2"
"瑪","bé, má","2"
"瑯","long, lông","2"
"鑰","io̍h, io̍k","2"
"呻","tshan, sin","2"
"命","miā, bīng","2"
"鑽","tsǹg, tsuàn","2"
"鑿","tsha̍k, tsho̍k","2"
"璃","lê, lî","2"
"咧","teh, leh","2"
"咬","ngáu, kā","2"
"環","khuân, huân","2"
"咳","kha, ka","2"
"哉","tsài, tsai","2"
"瓊","khîng, khiông","2"
"哎","aih, ai","2"
"瓜","kue, kua","2"
"哥","ko, koh","2"
"瓦","hiā, uá","2"
"哨","siàu, sàu","2"
"哼","hainn, hngh","2"
"哽","kénn, kínn","2"
"唆","sō, so","2"
"唇","tûn, sûn","2"
"唐","tn̂g, tông","2"
"用","iōng, īng","2"
"唭","kì, ki","2"
"唯","uî, bî","2"
"甲","kah, kap","2"
"問","būn, mn̄g","2"
"啖","tām, tam","2"
"留","lâu, liû","2"
"畚","pùn, pūn","2"
"畜","thiok, thik","2"
"啞","é, á","2"
"略","lio̍k, lio̍h","2"
"番","huan, han","2"
"門","mn̂g, bûn","2"
"喀","khe̍nnh, khennh","2"
"喊","hiàm, hán","2"
"開","khui, khai","2"
"喌","tsû, tsiuh","2"
"閏","jūn, lūn","2"
"閒","îng, hân","2"
"喝","huah, hat","2"
"閣","kooh, koh","2"
"疥","kè, kuè","2"
"疫","ia̍h, i̍k","2"
"閬","lòng, làng","2"
"單","tuann, tan","2"
"閱","ia̍t, ua̍t","2"
"喻","jū, lū","2"
"疾","tsi̍t, tsi̍k","2"
"嗇","sik, siah","2"
"闔","kha̍h, ha̍p","2"
"痘","tōo, tāu","2"
"嗙","pòng, phngh","2"
"嗚","oo, onn","2"
"痛","thòng, thàng","2"
"痟","siáu, siau","2"
"嗣","sū, sû","2"
"嗤","tshi, tshi̍h","2"
"嗲","teh, te","2"
"嗹","liân, lian","2"
"嘈","tsha̍uh, tsō","2"
"嘔","áu, óo","2"
"瘡","tshong, tshng","2"
"瘦","sán, sóo","2"
"阮","ńg, guán","2"
"阱","tsénn, tsínn","2"
"瘸","khuê, khê","2"
"附","hù, hū","2"
"降","kàng, hâng","2"
"限","hān, ān","2"
"癖","phiah, phia̍h","2"
"癢","tsiūnn, ióng","2"
"陣","tsūn, tīn","2"
"除","tû, tî","2"
"癮","giàn, ín","2"
"噯","ài, aih","2"
"陰","iam, im","2"
"陳","tân, tîn","2"
"陵","niā, lîng","2"
"噸","tùn, tòng","2"
"白","pe̍h, pi̍k","2"
"隆","liông, lâng","2"
"皓","hōo, hō","2"
"隔","keh, kik","2"
"嚨","nâ, lông","2"
"隨","suî, sûi","2"
"嚷","jiáng, lióng","2"
"皺","jiâu, liâu","2"
"隻","tsiah, tsik","2"
"雀","tshiok, tshik","2"
"雄","hiông, hîng","2"
"雅","ngá, ngé","2"
"囊","lông, long","2"
"益","ik, iah","2"
"盒","a̍h, a̍p","2"
"四","sì, sù","2"
"盛","sīng, siānn","2"
"雞","ke, kue","2"
"回","huê, hê","2"
"盞","tsán, tsuánn","2"
"難","lân, lān","2"
"雨","ú, hōo","2"
"盪","tōng, tn̄g","2"
"目","ba̍k, bo̍k","2"
"零","lân, lîng","2"
"霆","tîng, tân","2"
"圈","khian, khuan","2"
"眉","bâi, bî","2"
"看","khuànn, khàn","2"
"圍","uî, û","2"
"霎","tiap, sap","2"
"園","hn̂g, uân","2"
"圓","înn, uân","2"
"霜","sng, song","2"
"霞","hâ, hê","2"
"土","thóo, thôo","2"
"眠","bîn, biân","2"
"霧","bū, buh","2"
"露","lo̍k, lōo","2"
"眼","gán, gíng","2"
"眾","tsìng, tsiòng","2"
"均","kin, kun","2"
"坊","hng, hong","2"
"靠","khò, khuà","2"
"睡","suī, tsuē","2"
"面","bīn, biān","2"
"坦","thán, thánn","2"
"坯","phue, phe","2"
"坵","khu, khiu","2"
"垃","lah, lâ","2"
"鞍","an, uann","2"
"鞏","kióng, khōng","2"
"瞪","tènn, tìnn","2"
"埃","ia, ai","2"
"埋","bâi, tâi","2"
"韌","jūn, lūn","2"
"城","siânn, sîng","2"
"矛","mâu, môo","2"
"矜","khim, king","2"
"域","hi̍k, i̍k","2"
"埠","pōo, poo","2"
"知","ti, tsai","2"
"矩","kí, kú","2"
"短","té, tuán","2"
"矮","é, ué","2"
"培","puê, puē","2"
"基","ke, ki","2"
"響","hióng, hiáng","2"
"堂","tông, tn̂g","2"
"砂","se, sua","2"
"頃","khíng, khing","2"
"頇","han, hân","2"
"預","ī, ū","2"
"頓","tùn, tǹg","2"
"研","gián, gíng","2"
"領","niá, líng","2"
"頦","hâi, huâi","2"
"破","phuà, phò","2"
"場","tiûnn, tshiâng","2"
"頸","kún, kíng","2"
"題","tê, tuê","2"
"塌","lap, thap","2"
"塗","thôo, tôo","2"
"塘","tn̂g, tông","2"
"顛","tian, thian","2"
"硞","kho̍k, khok","2"
"塞","sài, sat","2"
"顯","hián, hiánn","2"
"碇","tiānn, tīng","2"
"碌","lo̍k, li̍k","2"
"墓","bōng, bōo","2"
"碟","ti̍h, tia̍p","2"
"碣","khiat, khat","2"
"墨","bi̍k, ba̍k","2"
"碩","si̍k, sik","2"
"碰","pōng, phòng","2"
"墳","hûn, phûn","2"
"颺","iānn, tshiûnn","2"
"確","khak, khia̍k","2"
"碼","bé, má","2"
"壁","piah, pik","2"
"飆","phiau, pio","2"
"壇","tuânn, tân","2"
"磐","phuân, puânn","2"
"壓","ap, ah","2"
"磚","tsuan, tsng","2"
"食","tsia̍h, si̍t","2"
"壩","pè, pà","2"
"壬","jîm, lîm","2"
"飯","pn̄g, huān","2"
"壺","hôo, ôo","2"
"飽","pá, páu","2"
"礁","ta, tsiau","2"
"養","ióng, iúnn","2"
"餌","jī, lī","2"
"夏","hē, hā","2"
"夕","si̍k, sia̍h","2"
"外","guā, guē","2"
"餘","û, î","2"
"夢","bāng, bōng","2"
"夥","hué, hé","2"
"天","thian, thinn","2"
"餾","liū, liû","2"
"饅","bán, bân","2"
"奇","kî, khia","2"
"奈","ta, nāi","2"
"契","khè, khuè","2"
"饒","jiâu, liâu","2"
"祠","sû, sī","2"
"票","phiò, phiàu","2"
"奮","hùn, pùn","2"
"女","lú, lí","2"
"好","hó, hònn","2"
"如","jû, lû","2"
"禍","ē, hō","2"
"妝","tsong, tsng","2"
"馨","hiong, hing","2"
"禪","siān, siân","2"
"妹","muē, bē","2"
"禿","thut, thuh","2"
"駁","poh, pok","2"
"姊","tsí, tsé","2"
"始","sí, sú","2"
"駐","tsù, tū","2"
"秒","biáu, bió","2"
"姚","iô, iâu","2"
"駛","sú, sái","2"
"秤","pîng, tshìn","2"
"姦","kan, kàn","2"
"姪","ti̍t, tsit","2"
"駱","lo̍k, lo̍h","2"
"稅","suè, sè","2"
"騎","khiâ, khî","2"
"稗","phē, phuē","2"
"稜","lîng, līng","2"
"稻","tō, tiū","2"
"娼","tshang, tshiong","2"
"驛","i̍k, ia̍h","2"
"穡","sit, sik","2"
"穢","uè, è","2"
"驢","lî, lû","2"
"婦","hū, pū","2"
"婿","sài, sè","2"
"窗","thang, tshong","2"
"嫁","kè, kà","2"
"竅","khiàu, khiò","2"
"竊","tshiap, tshiat","2"
"高","ko, kau","2"
"章","tsiong, tsiunn","2"
"童","tâng, tông","2"
"端","tuan, tuann","2"
"竹","tik, tiok","2"
"髻","kuè, kè","2"
"竿","kuann, kan","2"
"鬆","sang, song","2"
"笒","gím, giám","2"
"鬚","tshiu, su","2"
"笛","ta̍t, ti̍k","2"
"鬥","tàu, tòo","2"
"鬧","lāu, nāu","2"
"笨","pùn, pūn","2"
"嬸","tsím, sím","2"
"等","tíng, tán","2"
"筋","kin, kun","2"
"筐","khing, khong","2"
"筒","tâng, tông","2"
"孔","khóng, kháng","2"
"答","tap, tah","2"
"字","jī, lī","2"
"存","tsûn, tshûn","2"
"孝","hà, hàu","2"
"孫","sun, sng","2"
"魯","luh, lóo","2"
"孵","pū, hu","2"
"學","ha̍k, o̍h","2"
"宅","thi̍k, the̍h","2"
"守","siú, tsiú","2"
"安","an, uann","2"
"宋","sàng, sòng","2"
"鮑","pau, pāu","2"
"算","sǹg, suàn","2"
"官","kuan, kuann","2"
"定","tīng, tiānn","2"
"客","kheh, khik","2"
"箭","tsìnn, tsiàn","2"
"宮","kiong, king","2"
"箱","siong, siunn","2"
"家","ke, ka","2"
"箸","tī, tū","2"
"寂","tsi̍k, siok","2"
"範","huān, pān","2"
"寄","kià, kì","2"
"密","bi̍t, ba̍t","2"
"篇","phian, phinn","2"
"寓","ú, gū","2"
"篠","siāu, siáu","2"
"寢","tshím, khím","2"
"實","si̍t, tsa̍t","2"
"寬","khuan, khuann","2"
"篱","lē, luē","2"
"寵","thíng, thióng","2"
"篾","bia̍t, bi̍h","2"
"封","hong, pang","2"
"鰇","jiû, liû","2"
"尋","siâm, sîm","2"
"對","tuì, uì","2"
"小","sió, siáu","2"
"就","tsiū, tō","2"
"簷","tsînn, liâm","2"
"尼","nî, lî","2"
"尾","bué, bé","2"
"簿","phōo, pho̍k","2"
"尿","jiō, liō","2"
"籃","lâm, nâ","2"
"居","ki, ku","2"
"鱉","piat, pih","2"
"屎","sái, sú","2"
"屑","sut, sap","2"
"展","tián, thián","2"
"鱖","kuè, kè","2"
"鱗","lîn, lân","2"
"鱙","jiâu, liâu","2"
"層","tsàn, tsân","2"
"屬","tsiok, sio̍k","2"
"籮","lô, luâ","2"
"山","san, suann","2"
"粕","phoh, phok","2"
"粞","tshè, tshuè","2"
"粟","tshik, siok","2"
"粧","tsng, tsong","2"
"岩","giâm, gâm","2"
"岸","huānn, gān","2"
"粿","kué, ké","2"
"峇","bâ, bā","2"
"糊","hôo, kôo","2"
"糞","hùn, pùn","2"
"糠","khong, khng","2"
"鳥","tsiáu, niáu","2"
"糴","ti̍k, tia̍h","2"
"島","tó, tóo","2"
"糶","thiàu, thiò","2"
"紅","âng, hông","2"
"紗","se, sa","2"
"崗","kong, kang","2"
"崙","lūn, lun","2"
"紡","hóng, pháng","2"
"索","soh, sik","2"
"鴦","iunn, iong","2"
"崩","pang, ping","2"
"累","luī, luí","2"
"細","sè, suè","2"
"鴿","kah, kap","2"
"絆","puànn, puàn","2"
"結","kiat, kat","2"
"絕","tsua̍t, tse̍h","2"
"絞","ká, káu","2"
"絢","hiàn, sûn","2"
"絨","jiông, liông","2"
"鵬","phîng, pîng","2"
"鶉","tshun, tun","2"
"綜","tsong, tsòng","2"
"綠","li̍k, lio̍k","2"
"維","î, uî","2"
"網","bāng, bóng","2"
"鶴","ho̍k, ho̍h","2"
"綸","lûn, kuan","2"
"嶺","niá, líng","2"
"綿","biân, mî","2"
"巒","luân, bân","2"
"緝","tsi̍p, tship","2"
"川","tshng, tshuan","2"
"編","pinn, pian","2"
"巨","kī, kū","2"
"己","kī, kí","2"
"巳","sū, tsī","2"
"鷺","lōo, lôo","2"
"緻","tì, tī","2"
"巾","kin, kun","2"
"帆","phâng, huân","2"
"帛","pe̍h, pi̍k","2"
"帥","suè, suì","2"
"師","su, sai","2"
"縭","li, lî","2"
"縮","siok, sok","2"
"帳","tiùnn, tiòng","2"
"帶","tài, tuà","2"
"常","siông, tshiâng","2"
"總","tsóng, tsáng","2"
"績","tseh, tsik","2"
"繃","penn, pinn","2"
"幅","pak, hok","2"
"繞","jiàu, liàu","2"
"繩","tsîn, sîng","2"
"幫","pang, png","2"
"繭","kián, kíng","2"
"年","nî, liân","2"
"鹼","kiám, kinn","2"
"鹽","iâm, kiâm","2"
"幾","kuí, kí","2"
"鹿","lak, lo̍k","2"
"序","sī, sū","2"
"纏","tiân, tînn","2"
"麗","lê, lē","2"
"纜","lám, lām","2"
"度","tōo, to̍k","2"
"麩","hu, phoo","2"
"庭","tîng, tiânn","2"
"麵","mī, biān","2"
"康","khong, khng","2"
"庾","jú, lú","2"
"黃","hông, n̂g","2"
"黍","sé, sué","2"
"廚","tû, tôo","2"
"黜","thuh, thut","2"
"廣","kńg, kóng","2"
"廳","thiann, thing","2"
"延","iân, tshiân","2"
"廿","jia̍p, lia̍p","2"
"弊","pè, piah","2"
"鼎","tiánn, tíng","2"
"式","sik, sit","2"
"弓","king, kiong","2"
"弟","tī, tē","2"
"鼠","tshí, tshú","2"
"弱","jio̍k, lio̍k","2"
"缸","kong, kng","2"
"缽","puah, puat","2"
"鼾","huânn, kônn","2"
"齋","tsai, tse","2"
"彥","giān, gān","2"
"齧","khè, khuè","2"
"罩","tà, tàu","2"
"罪","tsuē, tsē","2"
"彰","tsiang, tsiong","2"
"影","íng, iánn","2"
"署","sú, sū","2"
"役","i̍k, ia̍h","2"
"往","óng, íng","2"
"待","thāi, tāi","2"
"羊","iûnn, iông","2"
"羌","kiong, kiunn","2"
"龐","phiāng, pâng","2"
"得","tit, tik","2"
"龜","ku, kui","2"
"羞","siu, tshiu","2"
"循","sūn, sûn","2"
"徵","ting, tin","2"
"翁","ang, ong","2"
"忌","kī, khī","2"
"忙","bông, bâng","2"
"快","khuài, khuìnn","2"
"翳","è, ì","2"
"翼","si̍t, i̍k","2"
